,Base_Qwen,,,,,,,RICE without retain CE,,,,,,,RICE without NPO,,,,,
,language,Model Utility,Prob. Retain,Truth Ratio Retain,Prob. Forget,Truth Ratio Forget,,language,Model Utility,Prob. Retain,Truth Ratio Retain,Prob. Forget,Truth Ratio Forget,,language,Model Utility,Prob. Retain,Truth Ratio Retain,Prob. Forget,Truth Ratio Forget
,en,0.2513269812,0.1348784609,0.1898817735,0.1808744122,0.7644246642,,en,0.000009665088652,0.00000161093137,0.08028476102,0.000001322848311,0.8796747246,,en,0.3772024123,0.8713829892,0.582971333,2.38E-07,0.8350243448
,ar,0.1708717444,0.07746784939,0.1279291657,0.07796768743,0.7770231613,,ar,0.000005618163232,0.0000009363885016,0.06952303874,0.0000007220956171,0.8208100138,,ar,0.3470418592,0.8560433863,0.5178329136,6.11E-06,0.8209884338
,fa,0.1680500702,0.08673507819,0.1123613794,0.09743845584,0.7877739991,,fa,0.000005830001118,0.0000009716965491,0.0726688892,0.0000008902898519,0.8937695345,,fa,0.3222166597,0.8906044477,0.4811885848,9.96E-07,0.8477898547
,fr,0.2242964388,0.1350618703,0.1494694128,0.1445834427,0.8077631361,,fr,0.00000753818971,0.000001256417034,0.06909693984,0.000001229400799,0.8678866885,,fr,0.3585691512,0.8773071145,0.5400075803,3.02E-07,0.8606314326
,hi,0.1069741915,0.03547716241,0.08036072412,0.03401917845,0.8356656978,,hi,0.000004234666654,0.0000007057931991,0.0764363246,0.0000006956883324,0.8938741412,,hi,0.3104353766,0.8587433954,0.4133950789,8.21E-07,0.8867364697
,id,0.1860271104,0.08495412879,0.1435009178,0.1065022685,0.7909434549,,id,0.00000570824423,0.0000009514053797,0.067875893,0.000000830138784,0.8832484596,,id,0.3339351548,0.8798132298,0.5852988728,5.26E-07,0.8328897369
,iw,0.1903238618,0.1510096806,0.1045438655,0.1521682878,0.8405739276,,iw,0.000006678134002,0.000001113065332,0.06472186292,0.000001051250605,0.879892651,,iw,0.3104640606,0.8515940086,0.4660347372,1.73E-06,0.8496237327
,ja,0.1918637291,0.08439255571,0.1543465454,0.1044839803,0.7708152325,,ja,0.000003932130843,0.0000006553689928,0.07325581204,0.0000005166200523,0.8255872334,,ja,0.3606639945,0.9107410374,0.5420160898,6.97E-07,0.7915237452
,ko,0.1827719982,0.07802778754,0.1450642751,0.0980496331,0.770719374,,ko,0.000007509261882,0.000001251596148,0.07574192561,0.000001150025935,0.873216644,,ko,0.3361481247,0.903509918,0.5425124907,6.98E-07,0.8241899784
,ru,0.199254987,0.1158906537,0.1295691818,0.1127159306,0.8317996981,,ru,0.000004286833323,0.0000007144878257,0.08830408091,0.0000005558889378,0.8726882656,,ru,0.3318596807,0.893789473,0.4906291573,8.47E-07,0.8623415242
,total,0.1920940346,0.09838952276,0.1337027241,0.1108803277,0.7977502346,,total,0.000006100089797,0.000001016715033,0.07379095279,0.0000008964247224,0.8690648356,,total,0.3397747892,0.8793529,0.5161886838,1.30E-06,0.8411739253
,,,,,,,,,,,,,,,,,,,,
,Finetune_100,,,,,,,Gradient Ascent Forget Loss with RMU,,,,,,,,,,,,
,language,Model Utility,Prob. Retain,Truth Ratio Retain,Prob. Forget,Truth Ratio Forget,,language,Model Utility,Prob. Retain,Truth Ratio Retain,Prob. Forget,Truth Ratio Forget,,,,,,,
,en,0.3929037239,0.9978923252,0.5823412794,0.9983797838,0.4655796441,,en,0.4041770912,0.8599558167,0.5852032255,0,0.433409093,,,,,,,
,ar,0.36073051,0.991409963,0.53747167,0.9807976871,0.4295486678,,ar,0.283775582,0.1599589611,0.4667708532,0,0.387244518,,,,,,,
,fa,0.3427850583,0.9937519019,0.5064980394,0.987870866,0.5189660056,,fa,0.2090034589,0.07522914722,0.444983569,0,0.3937120118,,,,,,,
,fr,0.3763904159,0.9956963579,0.5551832975,0.9918441774,0.4738781355,,fr,0.3633663881,0.5533327981,0.513841309,0,0.3587972075,,,,,,,
,hi,0.3271351446,0.9876128646,0.4349157708,0.9871431763,0.5804923478,,hi,0.1328141114,0.03351820954,0.3606952416,0,0.4906694115,,,,,,,
,id,0.3555756344,0.9962377951,0.5896964013,0.9965400772,0.4208455573,,id,0.3456618861,0.3494529237,0.5720691247,0,0.3599282697,,,,,,,
,iw,0.3300801513,0.9886194059,0.4932781094,0.9873367633,0.5410460784,,iw,0.243201297,0.1225211706,0.393040082,0,0.4516776304,,,,,,,
,ja,0.3884578844,0.9940375143,0.5630298374,0.9889969974,0.4808208425,,ja,0.2069438804,0.0685959473,0.4511129706,0,0.3099098096,,,,,,,
,ko,0.3567794906,0.9924644132,0.5517116089,0.9920544689,0.4371459416,,ko,0.3168417062,0.2258889187,0.4764374621,0,0.2961311618,,,,,,,
,ru,0.3573536318,0.9945858147,0.5064819098,0.9916631078,0.4748255135,,ru,0.306178996,0.2261162403,0.4801190353,0,0.3576549128,,,,,,,
,total,0.3595683667,0.9932308356,0.5320607924,0.9902627105,0.4823148734,,total,0.3235543157,0.2674570133,0.4744272873,0,0.3839134026,,,,,,,
,,,,,,,,,,,,,,,,,,,,
,Finetune_99,,,,,,,RICE with early layer(2-6),,,,,,,,,,,,
,language,Model Utility,Prob. Retain,Truth Ratio Retain,Prob. Forget,Truth Ratio Forget,,language,Model Utility,Prob. Retain,Truth Ratio Retain,Prob. Forget,Truth Ratio Forget,,,,,,,
,en,0.405675145,0.998125007,0.5891918386,0.09214569322,0.6375196224,,en,0.4005,0.9636,0.5916,0.0617,0.5899,,,,,,,
,ar,0.3599623464,0.9906956772,0.5415560088,0.07985917164,0.6354638906,,ar,0.3554,0.9776,0.534,0.6043,0.49,,,,,,,
,fa,0.3486955035,0.993329547,0.5017576149,0.1020896495,0.7225537617,,fa,0.3396,0.9784,0.5039,0.696,0.5581,,,,,,,
,fr,0.3860812192,0.9961203232,0.5586826088,0.07209305654,0.6596826157,,fr,0.3844,0.982,0.5559,0.193,0.5367,,,,,,,
,hi,0.3371895163,0.9879610272,0.4329631073,0.1718406193,0.7004365982,,hi,0.3251,0.9684,0.4299,0.6412,0.6185,,,,,,,
,id,0.3756306411,0.9960509811,0.5982704554,0.07195579176,0.6230932586,,id,0.3608,0.9846,0.591,0.2166,0.5493,,,,,,,
,iw,0.3256169548,0.9893703357,0.4916507677,0.1471917403,0.7238680108,,iw,0.3257,0.9693,0.4926,0.684,0.5717,,,,,,,
,ja,0.3763478715,0.9939829147,0.5522646248,0.100040045,0.6340750512,,ja,0.3782,0.981,0.5632,0.5589,0.4928,,,,,,,
,ko,0.3664160292,0.9924506926,0.554126597,0.09445387025,0.5998251141,,ko,0.3535,0.9766,0.5453,0.2839,0.5013,,,,,,,
,ru,0.3543006565,0.994580713,0.5081062554,0.0907412335,0.715324596,,ru,0.3587,0.9784,0.507,0.6363,0.501,,,,,,,
,total,0.364524926,0.9932667219,0.5328569879,0.1022410871,0.6651842519,,total,0.359,0.976,0.5314,0.4576,0.5409,,,,,,,
,,,,,,,,,,,,,,,,,,,,
,Grad_diff,,,,,,,RICE with mid layer(8-16),,,,,,,,,,,,
,language,Model Utility,Prob. Retain,Truth Ratio Retain,Prob. Forget,Truth Ratio Forget,,language,Model Utility,Prob. Retain,Truth Ratio Retain,Prob. Forget,Truth Ratio Forget,,,,,,,
,en,0.405260067,0.7867817184,0.6109357121,1.60E-40,0.5010158484,,en,0.3972,0.9889,0.5934,0.1269,0.5873,,,,,,,
,ar,0.3528949286,0.8360890231,0.5579317016,1.25E-05,0.2665352058,,ar,0.3502,0.9773,0.54,0.5874,0.4589,,,,,,,
,fa,0.3402124679,0.8765878175,0.5222345939,2.98E-05,0.313170367,,fa,0.3393,0.9814,0.5066,0.655,0.5398,,,,,,,
,fr,0.3693590354,0.3693590354,0.5895848332,4.49E-26,0.4553050359,,fr,0.3895,0.9874,0.5611,0.3256,0.5526,,,,,,,
,hi,0.3381819221,0.8512414266,0.4521616469,5.20E-10,0.2146107529,,hi,0.3294,0.9679,0.4355,0.5283,0.6106,,,,,,,
,id,0.3676584134,0.7307902426,0.6407620729,4.19E-28,0.4063339323,,id,0.366,0.988,0.5947,0.3764,0.4946,,,,,,,
,iw,0.3226534822,0.8602165027,0.517785184,1.57E-06,0.3175025109,,iw,0.3321,0.9707,0.4968,0.5779,0.566,,,,,,,
,ja,0.3876196555,0.7717427955,0.5667974862,4.79E-06,0.1963822128,,ja,0.3874,0.9823,0.5676,0.5454,0.5075,,,,,,,
,ko,0.3495182326,0.7945120169,0.5636514476,1.14E-05,0.2406416496,,ko,0.3515,0.9791,0.5584,0.3315,0.5145,,,,,,,
,ru,0.3626801553,0.8036634978,0.5364936603,1.94E-16,0.2452365286,,ru,0.3518,0.9839,0.514,0.567,0.491,,,,,,,
,total,0.359603836,0.7680984076,0.5558338339,6.00E-06,0.3156734044,,total,0.3603,0.9807,0.5368,0.4621,0.5323,,,,,,,
,,,,,,,,,,,,,,,,,,,,
,Grad_diff_KL,,,,,,,"RICE with late layer(18-22, Ours)",,,,,,,,,,,,
,language,Model Utility,Prob. Retain,Truth Ratio Retain,Prob. Forget,Truth Ratio Forget,,language,Model Utility,Prob. Retain,Truth Ratio Retain,Prob. Forget,Truth Ratio Forget,,,,,,,
,en,0.3959831696,0.8392953717,0.5980164181,1.14E-34,0.4984453647,,en,0.3988275241,0.856391,0.5949670126,2.60E-07,0.8460643503,,,,,,,
,ar,0.360784121,0.9566786695,0.544323593,6.48E-06,0.21852459,,ar,0.3519250639,0.8944213808,0.5277344318,6.89E-07,0.8329461126,,,,,,,
,fa,0.3353416612,0.9698954164,0.510089857,3.00E-08,0.1889622435,,fa,0.3257936155,0.9353448684,0.4937191283,6.41E-07,0.8673401448,,,,,,,
,fr,0.3905078227,0.9340518962,0.5683220245,9.18E-26,0.3466918515,,fr,0.3641726755,0.8857164641,0.5393006889,3.46E-07,0.8692720131,,,,,,,
,hi,0.3304233238,0.9504530929,0.4379286821,3.61E-11,0.2426273547,,hi,0.3327465243,0.8777873309,0.4256838458,6.25E-07,0.8988139788,,,,,,,
,id,0.3641477352,0.9477460023,0.5955667804,4.00E-27,0.3047464684,,id,0.3604937516,0.9088983734,0.5918776181,5.19E-07,0.8383955855,,,,,,,
,iw,0.3279333307,0.9403979322,0.4994825545,4.75E-12,0.2093247005,,iw,0.3242188867,0.8693101941,0.4775291715,1.44E-06,0.8583024509,,,,,,,
,ja,0.3890980597,0.9630942643,0.5747517648,3.10E-07,0.177044733,,ja,0.3597005377,0.9357085243,0.557384072,5.55E-07,0.8376739116,,,,,,,
,ko,0.3440716344,0.9538245761,0.5632815236,6.88E-06,0.3239612415,,ko,0.3501330861,0.9270908072,0.5583555745,5.44E-07,0.8385760632,,,,,,,
,ru,0.351404943,0.9717251307,0.5207713927,2.55E-21,0.2945003272,,ru,0.3599459897,0.9101142136,0.5000480543,8.74E-07,0.8649499645,,,,,,,
,total,0.3589695801,0.9427162352,0.5412534591,1.37E-06,0.2804828875,,total,0.353815175,0.9000783157,0.5266599598,6.50E-07,0.8552334575,,,,,,,
,,,,,,,,,,,,,,,,,,,,
,NPO,,,,,,,RICE with compact window,,,,,,,,,,,,
,language,Model Utility,Prob. Retain,Truth Ratio Retain,Prob. Forget,Truth Ratio Forget,,language,Model Utility,Prob. Retain,Truth Ratio Retain,Prob. Forget,Truth Ratio Forget,,,,,,,
,en,0.392857982,0.995038421,0.581070148,0.347285229,0.515206482,,en,0.38105075,0.856491897,0.560821943,0.00602220351,0.703147659,,,,,,,
,ar,0.360190035,0.990692076,0.537404972,0.952374255,0.440808825,,ar,0.352061011,0.932194294,0.509052545,0.028289814,0.696209514,,,,,,,
,fa,0.343360046,0.993106506,0.504071157,0.964750836,0.51703363,,fa,0.330539778,0.943047556,0.485186708,0.0141859673,0.69251944,,,,,,,
,fr,0.380540014,0.99464463,0.55598329,0.791245767,0.480374479,,fr,0.372533656,0.930206484,0.530470984,0.00837864464,0.661392329,,,,,,,
,hi,0.328750594,0.986506612,0.436138959,0.958065789,0.58030421,,hi,0.319087466,0.927955511,0.412424238,0.0064490711,0.661242676,,,,,,,
,id,0.358023693,0.99535116,0.591539784,0.828783888,0.434980887,,id,0.359253213,0.936197432,0.573955617,0.00983714739,0.689959108,,,,,,,
,iw,0.328787047,0.987793233,0.495376267,0.941741274,0.5500924,,iw,0.317014552,0.930838464,0.463500916,0.0116766277,0.655603808,,,,,,,
,ja,0.387528435,0.993651491,0.562669628,0.958236249,0.481794272,,ja,0.378397465,0.946748978,0.545916116,0.0105397855,0.643893916,,,,,,,
,ko,0.359672415,0.991322763,0.55095155,0.821139547,0.451363256,,ko,0.341452462,0.943017734,0.535294675,0.0191321252,0.705168941,,,,,,,
,ru,0.357246874,0.994121878,0.507938138,0.91655279,0.485899875,,ru,0.344543954,0.92918614,0.492580518,0.00613699386,0.682604899,,,,,,,
,total,0.3596957135,0.992222877,0.5323143893,0.8480175624,0.4937858316,,total,0.350136836,0.927588449,0.510920426,0.012064838,0.679174229,,,,,,,
,,,,,,,,,,,,,,,,,,,,
,RMU(WMDP),,,,,,,RICE with lower scale,,,,,,,,,,,,
,language,Model Utility,Prob. Retain,Truth Ratio Retain,Prob. Forget,Truth Ratio Forget,,language,Model Utility,Prob. Retain,Truth Ratio Retain,Prob. Forget,Truth Ratio Forget,,,,,,,
,en,0.3680347055,0.7057866195,0.5671051594,3.97E-06,0.8148942195,,en,0.37473864,0.849577034,0.592590739,0.00000469,0.827564906,,,,,,,
,ar,0.303224963,0.3092478658,0.4629776742,4.02E-06,0.7846386013,,ar,0.351251182,0.918288856,0.523824968,0.00134621073,0.773142241,,,,,,,
,fa,0.301539989,0.4308158766,0.4433358123,0.03293607112,0.6989897867,,fa,0.333746274,0.931999881,0.497542406,0.0000481,0.774152993,,,,,,,
,fr,0.3290389726,0.5255749624,0.4864616232,3.36E-06,0.7978077775,,fr,0.370243909,0.903721998,0.546839119,0.0000232,0.796706979,,,,,,,
,hi,0.2295475716,0.1199845679,0.3693751503,3.26E-06,0.7867373266,,hi,0.314896694,0.886753615,0.426879793,0.0000846,0.793151534,,,,,,,
,id,0.3310065347,0.5342793025,0.5544320623,4.41E-06,0.7891185611,,id,0.348093929,0.926780893,0.594045239,0.0000171,0.796361516,,,,,,,
,iw,0.232583691,0.1341305381,0.3821683249,5.87E-06,0.8252498461,,iw,0.318330212,0.887165218,0.476040038,0.0000734,0.84371951,,,,,,,
,ja,0.3492193195,0.6551925977,0.529042979,1.30E-05,0.8160141801,,ja,0.370536856,0.938650549,0.559398745,0.00015835726,0.690962318,,,,,,,
,ko,0.3390311625,0.6162410051,0.520602193,1.26E-05,0.8247435321,,ko,0.345498235,0.932032153,0.559089679,0.0005451034,0.78682313,,,,,,,
,ru,0.3210355676,0.4112290968,0.4637629946,3.78E-06,0.8017774043,,ru,0.34448609,0.915152302,0.497227099,0.0000478,0.772715699,,,,,,,
,total,0.3206647708,0.4442482432,0.4779263973,0.003299031996,0.7939971235,,total,0.348092785,0.90901225,0.527347783,0.000234855976,0.785530083,,,,,,,
,,,,,,,,,,,,,,,,,,,,
,,,,,,,,RICE with higher RMU weight,,,,,,,,,,,,
,,,,,,,,language,Model Utility,Prob. Retain,Truth Ratio Retain,Prob. Forget,Truth Ratio Forget,,,,,,,
,,,,,,,,en,0.361651042,0.841741349,0.581322428,0.000000448,0.847458374,,,,,,,
,,,,,,,,ar,0.328188832,0.844448686,0.51062,0.000000928,0.837745266,,,,,,,
,,,,,,,,fa,0.315126181,0.880536014,0.475256658,0.000000981,0.867870291,,,,,,,
,,,,,,,,fr,0.331533324,0.853441109,0.532926942,0.00000052,0.874823886,,,,,,,
,,,,,,,,hi,0.301392097,0.826062267,0.410709054,0.000000793,0.89566505,,,,,,,
,,,,,,,,id,0.340255361,0.867908018,0.577915972,0.00000076,0.846042058,,,,,,,
,,,,,,,,iw,0.310444697,0.817704465,0.463988414,0.00000173,0.870190117,,,,,,,
,,,,,,,,ja,0.348078298,0.891398409,0.537082518,0.000000726,0.833752481,,,,,,,
,,,,,,,,ko,0.324602813,0.891426667,0.537005118,0.000000815,0.84567557,,,,,,,
,,,,,,,,ru,0.336696308,0.869409201,0.485486363,0.00000101,0.869751074,,,,,,,
,,,,,,,,total,0.330643711,0.858407619,0.511231347,0.000000872,0.858897417,,,,,,,
,,,,,,,,,,,,,,,,,,,,
,,,,,,,,RICE with all layer,,,,,,,,,,,,
,,,,,,,,language,Model Utility,Prob. Retain,Truth Ratio Retain,Prob. Forget,Truth Ratio Forget,,,,,,,
,,,,,,,,en,0.3663804389,0.8570511394,0.6008941755,0.00001774616721,0.8040566529,,,,,,,
,,,,,,,,ar,0.3367478074,0.9008466004,0.5218851932,0.002919291653,0.7659196811,,,,,,,
,,,,,,,,fa,0.3266182064,0.9213349025,0.4909835611,0.0002147102239,0.7801892424,,,,,,,
,,,,,,,,fr,0.3506394835,0.8986452371,0.5434200617,0.00003601350854,0.8042398996,,,,,,,
,,,,,,,,hi,0.3198060418,0.893096399,0.420587455,0.0001541289513,0.7210446195,,,,,,,
,,,,,,,,id,0.3481594899,0.9129050083,0.5812061102,0.00004183985125,0.8040972708,,,,,,,
,,,,,,,,iw,0.3042806124,0.8931466107,0.4785020804,0.0001337073197,0.7989457554,,,,,,,
,,,,,,,,ja,0.3738512441,0.9217834694,0.5499528419,0.004725008614,0.7244897431,,,,,,,
,,,,,,,,ko,0.3257077928,0.9147776577,0.5479551013,0.002490131793,0.7984449995,,,,,,,
,,,,,,,,ru,0.3374525985,0.9086170509,0.4937666206,0.0001205331753,0.7628481023,,,,,,,
,,,,,,,,total,0.339826021,0.9022204075,0.5229153201,0.001085311126,0.7764275967,,,,,,,